key	cer	dur	text	asr
ready	0.053	3.102	오 왔어? 신발끈은 묶었지? 나중에 핑계 대지 말고.	오왔어신발끓은묶었지. 나중에핑계대지말고.
ready	0.0	1.884	오늘도 내 뒤통수 구경하러 왔구나.	오늘도내뒤통수구경하러왔구나.
ready	0.0	2.521	준비됐어? 아 물론 나는 항상 준비돼 있지.	준비됐어? 아물론나는항상준비돼있지.
go	0.0	1.87	간다! 따라올 수 있으면 따라와 봐.	간다따라올수있으면따라와봐.
go	0.0	2.021	출발! 먼지 먹기 싫으면 빨리 와.	출발. 먼지먹기싫으면빨리와.
go	0.1	1.767	땅! 아 미안, 벌써 출발했어.	아미안벌써출발했어.
tie	0.182	1.57	왜 자꾸 옆에 붙어? 나 좋아해?	왜자꾸옆에부터나좋아해?
tie	0.0	1.879	숨소리 다 들려. 좀 조용히 뛰어.	숨소리다들려좀조용히뛰어.
tie	0.133	2.039	나란히 뛰니까 내가 더 잘생겨 보이네.	나란입이니까내가더잘생겨보이네.
lead_small	0.6	0.631	어쭈? 좀 뛰네?	어, 좀지내?
lead_small	0.0	2.234	앞에서 알짱거리지 마. 곧 지나간다.	앞에서알짱거리지마곧지나간다.
lead_small	0.125	2.401	오래 못 갈걸? 초반에 다 쓰는 타입이잖아.	모레못갈걸. 초반에다쓰는타입이잖아.
lead_big	0.0	2.56	야, 그렇게 앞서 가면 좀 봐줘야 하는 거 아니야?	야, 그렇게앞서가면좀봐줘야하는거아니야?
lead_big	0.143	2.231	잠깐, 너 오늘 뭐 먹었어? 반칙 아니야?	잠깐. 너오늘뭐먹었어? 단식아니야?
lead_big	0.2	2.642	괜찮아, 나 지금 몸 푸는 중이야. 진짜야.	괜찮아. 나지금몸푸는중이야.
lead_huge	0.059	3.024	나 안 해. 너 혼자 뛰어. 아니 농담이야, 기다려!	나안에너혼자뛰어아니농담이야기다려.
lead_huge	0.0	2.305	지피에스 고장 난 거 아니야? 이거 다시 재자.	GPS 고장난거아니야? 이거다시재자.
lead_huge	0.0	1.546	저기요, 저 그쪽 처음 보는데요.	저기요저그쪽처음보는데요?
behind_small	0.111	1.312	뒤에서 뭐 해? 길 잃었어?	뒤에서뭐애길잃었어?
behind_small	0.071	2.285	조금만 더 힘내 봐. 아, 그게 최선이야?	조금만더힘내봐. 그게최선이야?
behind_small	0.182	1.549	내 뒤통수 잘생겼지? 실컷 봐.	네뒤통수잘생겼지실것봐.
behind_big	0.0	1.321	거기서 보여? 나 여기 있어.	거기서보여나여기있어.
behind_big	0.0	2.89	여기 공기 좋다. 너도 와서 맡아 봐. 올 수 있으면.	여기공기좋다. 너도와서맡아봐, 올수있으면.
behind_big	0.0	2.047	천천히 와. 나 기다리는 거 익숙해.	천천히와나기다리는거익숙해.
behind_huge	0.0	1.666	혹시 산책 나왔어? 미리 말하지.	혹시산책나왔어미리말하지.
behind_huge	0.083	1.625	결승선에서 커피 시켜 놓을게.	결승선에서커피시켜먹을게.
behind_huge	0.0	1.711	뭐라고? 안 들려! 너무 멀어서!	뭐라고? 안들려너무멀어서
overtake_me	0.25	1.341	어? 어어? 야, 반칙이야!	어? 야반칙이야.
overtake_me	0.0	2.078	잠깐 신발끈 풀려서 그래. 진짜로.	잠깐신발끈풀려서그래진짜로.
overtake_me	0.2	2.164	그래, 앞에 가. 바람막이 해 줘서 고마워.	그래앞에가발암이해줘서고마워.
overtaken	0.1	1.475	실례합니다~ 지나갈게요~	신례합니다, 지나갈게요.
overtaken	0.0	1.583	바이바이~ 결승선에서 보자.	바이바이결승선에서보자.
overtaken	0.091	1.841	방금 뭐 지나갔지? 아, 나구나.	방금뭐지나갔지나구나.
km	0.0	1.61	일 킬로 지났다. 아직 멀었어.	1킬로지났다아직멀었어.
km	0.222	1.56	이 킬로 지났다. 아직 멀었어.	이킬러지났다아직멀었어.
km	0.0	1.551	삼 킬로 지났다. 아직 멀었어.	3킬로지났다. 아직멀었어.
km	0.0	1.554	사 킬로 지났다. 아직 멀었어.	4킬로지났다아직멀었어.
km	0.0	1.528	오 킬로 지났다. 아직 멀었어.	5킬로지났다아직멀었어.
km	0.0	1.502	육 킬로 지났다. 아직 멀었어.	6킬로지났다. 아직멀었어.
km	0.0	1.648	칠 킬로 지났다. 아직 멀었어.	7킬로지났다아직멀었어.
km	0.0	1.383	팔 킬로 지났다. 아직 멀었어.	8킬로지났다아직멀었어.
km	0.0	1.575	구 킬로 지났다. 아직 멀었어.	9킬로지났다아직멀었어.
km	0.0	1.493	십 킬로 지났다. 아직 멀었어.	10킬로지났다, 아직멀었어.
km	0.0	1.774	십일 킬로 지났다. 아직 멀었어.	11킬로지났다, 아직멀었어.
km	0.1	1.59	십이 킬로 지났다. 아직 멀었어.	12키로지났다아직멀었
km	0.2	1.776	십삼 킬로 지났다. 아직 멀었어.	13킬러지났다아직멀었어.
km	0.0	1.627	십사 킬로 지났다. 아직 멀었어.	14키로지났다아직멀었어.
km	0.0	1.718	십오 킬로 지났다. 아직 멀었어.	15킬로지났다, 아직멀었어.
km	0.0	1.742	십육 킬로 지났다. 아직 멀었어.	16킬로지났다아직멀었어.
km	0.2	1.682	십칠 킬로 지났다. 아직 멀었어.	17 길로지났다, 아직멀었어.
km	0.0	1.779	십팔 킬로 지났다. 아직 멀었어.	18킬로지났다아직멀었어.
km	0.2	1.579	십구 킬로 지났다. 아직 멀었어.	19킬러지났다아직멀었어.
km	0.0	1.711	이십 킬로 지났다. 아직 멀었어.	20킬로지났다아직멀었어.
km	0.0	1.799	이십일 킬로 지났다. 아직 멀었어.	21킬로지났다, 아직멀었어.
km	0.0	1.752	이십이 킬로 지났다. 아직 멀었어.	22키로지났다아직멀었어.
km	0.0	1.828	이십삼 킬로 지났다. 아직 멀었어.	23키로지났다아직멀었어.
km	0.0	1.951	이십사 킬로 지났다. 아직 멀었어.	24킬로지났다아직멀었어.
km	0.182	1.756	이십오 킬로 지났다. 아직 멀었어.	25킬러지났다아직멀었어.
km	0.0	1.814	이십육 킬로 지났다. 아직 멀었어.	26킬로지났다아직멀었어.
km	0.0	1.672	이십칠 킬로 지났다. 아직 멀었어.	27키로지났다. 아직멀었어.
km	0.0	1.714	이십팔 킬로 지났다. 아직 멀었어.	28키로지났다아직멀었어.
km	0.182	1.713	이십구 킬로 지났다. 아직 멀었어.	29 길러지났다아직멀었어.
km	0.0	1.558	삼십 킬로 지났다. 아직 멀었어.	30키로지났다, 아직멀었어.
km	0.182	1.853	삼십일 킬로 지났다. 아직 멀었어.	30일길러지났다, 아직멀었어.
km	0.0	1.966	삼십이 킬로 지났다. 아직 멀었어.	32키로지났다, 아직멀었어.
km	0.182	1.782	삼십삼 킬로 지났다. 아직 멀었어.	33 킬러지났다아직멀었어.
km	0.0	1.936	삼십사 킬로 지났다. 아직 멀었어.	34 키로지났다. 아직멀었어.
km	0.0	1.854	삼십오 킬로 지났다. 아직 멀었어.	35킬로지났다, 아직멀었어.
km	0.0	1.881	삼십육 킬로 지났다. 아직 멀었어.	36키로지났다아직멀었어.
km	0.091	1.827	삼십칠 킬로 지났다. 아직 멀었어.	37러지났다아직멀었어.
km	0.0	1.907	삼십팔 킬로 지났다. 아직 멀었어.	38키로지났다, 아직멀었어.
km	0.182	1.904	삼십구 킬로 지났다. 아직 멀었어.	39 킬러지났다아직멀었어.
km	0.0	1.79	사십 킬로 지났다. 아직 멀었어.	40킬로지났다아직멀었어.
km	0.182	1.868	사십일 킬로 지났다. 아직 멀었어.	41 길러지났다아직멀었어.
km	0.0	1.583	일 킬로. 다리 아프지? 나는 멀쩡해.	일킬로다리아프지나는멀쩡해.
km	0.0	1.799	이 킬로. 다리 아프지? 나는 멀쩡해.	이킬로다리아프지나는멀쩡해.
km	0.182	1.734	삼 킬로. 다리 아프지? 나는 멀쩡해.	3킬러리아프지나는멀쩡해.
km	0.0	1.742	사 킬로. 다리 아프지? 나는 멀쩡해.	4킬로다리아프지나는멀쩡해.
km	0.182	1.726	오 킬로. 다리 아프지? 나는 멀쩡해.	오킬러다리아프지나는멀쩡해.
km	0.0	1.687	육 킬로. 다리 아프지? 나는 멀쩡해.	6킬로다리아프지나는멀쩡해.
km	0.091	1.845	칠 킬로. 다리 아프지? 나는 멀쩡해.	17킬로다리아프지나는멀쩡해.
km	0.182	1.853	팔 킬로. 다리 아프지? 나는 멀쩡해.	8킬러, 다리아프지나는멀쩡해.
km	0.0	1.827	구 킬로. 다리 아프지? 나는 멀쩡해.	9킬로다리아프지나는멀쩡해.
km	0.0	1.736	십 킬로. 다리 아프지? 나는 멀쩡해.	10킬로다리아프지나는멀쩡해.
km	0.0	2.171	십일 킬로. 다리 아프지? 나는 멀쩡해.	11킬로다리아프지? 나는멀쩡해.
km	0.0	1.985	십이 킬로. 다리 아프지? 나는 멀쩡해.	12킬로다리아프지나는멀쩡해.
km	0.0	2.038	십삼 킬로. 다리 아프지? 나는 멀쩡해.	13킬로다리아프지나는멀쩡해.
km	0.167	1.986	십사 킬로. 다리 아프지? 나는 멀쩡해.	14 킬러다리아프지나는멀쩡해.
km	0.0	1.893	십오 킬로. 다리 아프지? 나는 멀쩡해.	15킬로다리아프지나는멀쩡해.
km	0.0	1.841	십육 킬로. 다리 아프지? 나는 멀쩡해.	16킬로다리아프지나는멀쩡해.
km	0.0	2.047	십칠 킬로. 다리 아프지? 나는 멀쩡해.	17킬로다리아프지나는멀쩡해.
km	0.0	2.12	십팔 킬로. 다리 아프지? 나는 멀쩡해.	18킬로다리아프지나는멀쩡해.
km	0.083	1.895	십구 킬로. 다리 아프지? 나는 멀쩡해.	19킬로다리아프지는멀쩡해.
km	0.0	2.13	이십 킬로. 다리 아프지? 나는 멀쩡해.	20킬로다리아프지. 나는멀쩡해.
km	0.0	2.185	이십일 킬로. 다리 아프지? 나는 멀쩡해.	21킬로. 다리아프지나는멀쩡해.
km	0.154	2.234	이십이 킬로. 다리 아프지? 나는 멀쩡해.	22 길러다리아프지? 나는멀쩡해.
km	0.0	2.208	이십삼 킬로. 다리 아프지? 나는 멀쩡해.	23키로다리아프지나는멀쩡해.
km	0.154	2.029	이십사 킬로. 다리 아프지? 나는 멀쩡해.	24킬로다리아프지? 나는멀
km	0.0	1.967	이십오 킬로. 다리 아프지? 나는 멀쩡해.	25킬로다리아프지? 나는멀쩡해.
km	0.0	2.25	이십육 킬로. 다리 아프지? 나는 멀쩡해.	26킬로다리아프지나는멀쩡해.
km	0.0	2.022	이십칠 킬로. 다리 아프지? 나는 멀쩡해.	27킬로다리아프지나는멀쩡해.
km	0.0	2.098	이십팔 킬로. 다리 아프지? 나는 멀쩡해.	28킬로다리아프지나는멀쩡해.
km	0.0	1.874	이십구 킬로. 다리 아프지? 나는 멀쩡해.	29킬로다리아프지나는멀쩡해.
km	0.0	2.189	삼십 킬로. 다리 아프지? 나는 멀쩡해.	30킬로다리아프지? 나는멀쩡해.
km	0.0	2.118	삼십일 킬로. 다리 아프지? 나는 멀쩡해.	31킬로다리아프지나는멀쩡해.
km	0.154	2.291	삼십이 킬로. 다리 아프지? 나는 멀쩡해.	32키로달이아프지나는멀쩡해.
km	0.154	2.27	삼십삼 킬로. 다리 아프지? 나는 멀쩡해.	33 킬러, 다리아프지나는멀쩡해.
km	0.0	2.338	삼십사 킬로. 다리 아프지? 나는 멀쩡해.	34킬로다리아프지? 나는멀쩡해.
km	0.0	2.219	삼십오 킬로. 다리 아프지? 나는 멀쩡해.	35킬로다리아프지나는멀쩡해.
km	0.0	2.364	삼십육 킬로. 다리 아프지? 나는 멀쩡해.	36킬로다리아프지나는멀쩡해.
km	0.077	2.202	삼십칠 킬로. 다리 아프지? 나는 멀쩡해.	37로다리아프지? 나는멀쩡해.
km	0.0	2.162	삼십팔 킬로. 다리 아프지? 나는 멀쩡해.	38킬로다리아프지나는멀쩡해.
km	0.154	2.2	삼십구 킬로. 다리 아프지? 나는 멀쩡해.	39 킬러다리아프지나는멀쩡해.
km	0.167	1.88	사십 킬로. 다리 아프지? 나는 멀쩡해.	40킬러다리아프지나는멀쩡해.
km	0.154	2.064	사십일 킬로. 다리 아프지? 나는 멀쩡해.	41킬러다리아프지나는멀쩡해.
km	0.0	1.932	벌써 일 킬로야. 시간 빠르다. 너 빼고.	벌써 1킬로야시간빠르다너빼고.
km	0.0	2.247	벌써 이 킬로야. 시간 빠르다. 너 빼고.	벌써 2킬로야시간빠르다너빼고.
km	0.0	1.998	벌써 삼 킬로야. 시간 빠르다. 너 빼고.	벌써 3킬로야시간빠르다너빼고?
km	0.0	2.063	벌써 사 킬로야. 시간 빠르다. 너 빼고.	벌써 4킬로야시간빠르다너빼고.
km	0.0	2.011	벌써 오 킬로야. 시간 빠르다. 너 빼고.	벌써 5킬로야시간빠르다. 너빼고?
km	0.0	2.013	벌써 육 킬로야. 시간 빠르다. 너 빼고.	벌써 6킬로야시간빠르다너빼고.
km	0.167	2.006	벌써 칠 킬로야. 시간 빠르다. 너 빼고.	벌써 7킬러야시간빠르다너빼고.
km	0.0	2.184	벌써 팔 킬로야. 시간 빠르다. 너 빼고.	벌써 8킬로야시간빠르다. 너빼고.
km	0.0	2.056	벌써 구 킬로야. 시간 빠르다. 너 빼고.	벌써 9킬로야시간빠르다, 너빼고.
km	0.0	1.952	벌써 십 킬로야. 시간 빠르다. 너 빼고.	벌써 10킬로야시간빠르다너빼고.
km	0.0	2.371	벌써 십일 킬로야. 시간 빠르다. 너 빼고.	벌써 11킬로야시간빠르다너빼고.
km	0.0	2.122	벌써 십이 킬로야. 시간 빠르다. 너 빼고.	벌써 12킬로야시간빠르다너빼고
km	0.0	2.423	벌써 십삼 킬로야. 시간 빠르다. 너 빼고.	벌써 13킬로야. 시간빠르다. 너빼고.
km	0.154	2.381	벌써 십사 킬로야. 시간 빠르다. 너 빼고.	벌써 14킬러야시간빠르다너빼고.
km	0.0	2.173	벌써 십오 킬로야. 시간 빠르다. 너 빼고.	벌써 15킬로야시간빠르다너빼고.
km	0.0	2.359	벌써 십육 킬로야. 시간 빠르다. 너 빼고.	벌써 16 킬로야시간빠르다너빼고.
km	0.077	2.208	벌써 십칠 킬로야. 시간 빠르다. 너 빼고.	벌써 17킬로야시간빠르다노빼고.
km	0.0	2.287	벌써 십팔 킬로야. 시간 빠르다. 너 빼고.	벌써 18킬로야. 시간빠르다, 너빼고.
km	0.154	2.302	벌써 십구 킬로야. 시간 빠르다. 너 빼고.	벌써 19킬러야시간빠르다. 너빼고.
km	0.0	2.113	벌써 이십 킬로야. 시간 빠르다. 너 빼고.	벌써 20킬로야시간빠르다너빼고.
km	0.071	2.375	벌써 이십일 킬로야. 시간 빠르다. 너 빼고.	벌써 21킬로야시간빠르다고빼고.
km	0.0	2.356	벌써 이십이 킬로야. 시간 빠르다. 너 빼고.	벌써 22키로야시간빠르다너빼고.
km	0.0	2.437	벌써 이십삼 킬로야. 시간 빠르다. 너 빼고.	벌써 23키로야시간빠르다. 너빼고.
km	0.0	2.492	벌써 이십사 킬로야. 시간 빠르다. 너 빼고.	벌써 24킬로야시간빠르다너빼고
km	0.071	2.164	벌써 이십오 킬로야. 시간 빠르다. 너 빼고.	벌써 25키로야시간빠르다빼고
km	0.0	2.132	벌써 이십육 킬로야. 시간 빠르다. 너 빼고.	벌써 26킬로야. 시간빠르다너빼고?
km	0.143	2.35	벌써 이십칠 킬로야. 시간 빠르다. 너 빼고.	벌써 27 길로야. 시간빠르다, 너빼고.
km	0.143	2.381	벌써 이십팔 킬로야. 시간 빠르다. 너 빼고.	벌써 28킬로야. 시간빠르빼고.
km	0.214	2.207	벌써 이십구 킬로야. 시간 빠르다. 너 빼고.	벌써 29 킬러야시간빠르다노빼고.
km	0.0	2.283	벌써 삼십 킬로야. 시간 빠르다. 너 빼고.	벌써 30키로야시간빠르다너빼고.
km	0.143	2.363	벌써 삼십일 킬로야. 시간 빠르다. 너 빼고.	벌써 30일킬러야시간빠르다너빼고.
km	0.214	2.299	벌써 삼십이 킬로야. 시간 빠르다. 너 빼고.	벌써 30이길러야시간빠르다노빼고.
km	0.143	2.499	벌써 삼십삼 킬로야. 시간 빠르다. 너 빼고.	벌써 33 킬러야시간빠르다, 너빼고.
km	0.143	2.64	벌써 삼십사 킬로야. 시간 빠르다. 너 빼고.	벌써 34 킬러야시간빠르다너빼고.
km	0.143	2.377	벌써 삼십오 킬로야. 시간 빠르다. 너 빼고.	벌써 35 킬러야시간빠르다너빼고.
km	0.0	2.731	벌써 삼십육 킬로야. 시간 빠르다. 너 빼고.	벌써 36 킬로야시간빠르다너빼고.
km	0.143	2.512	벌써 삼십칠 킬로야. 시간 빠르다. 너 빼고.	벌써 37 킬러야시간빠르다, 너빼고.
km	0.0	2.366	벌써 삼십팔 킬로야. 시간 빠르다. 너 빼고.	벌써 38킬로야시간빠르다, 너빼고.
km	0.143	2.439	벌써 삼십구 킬로야. 시간 빠르다. 너 빼고.	벌써 39 킬러야시간빠르다. 너빼고
km	0.0	2.131	벌써 사십 킬로야. 시간 빠르다. 너 빼고.	벌써 40킬로야. 시간빠르다너빼고.
km	0.143	2.368	벌써 사십일 킬로야. 시간 빠르다. 너 빼고.	벌써 40일길러야시간빠르다. 너빼고.
half	0.091	1.611	반 왔다. 이제 진짜 시작이야.	밤왔다이제진짜시작이야.
half	0.0	2.534	절반이야. 여기서 포기하면 딱 반만 창피해.	절반이야. 여기서포기하면딱반만창피해.
last_500	0.0	2.136	오백 남았다. 남은 힘 있으면 지금 써.	500 남았다남은힘있으면지금써.
last_500	0.0	2.449	마지막 오백. 여기서 지면 진짜 할 말 없다?	마지막오백여기서지면진짜할말없다.
last_100	0.0	1.289	백 미터! 전력 질주!	백미터, 전력질주.
last_100	0.111	1.393	백 남았다! 이를 악물어!	백남았다. 이를약물어.
my_slow	0.0	1.388	페이스 떨어진다. 걷는 거야?	페이스떨어진다걷는거야?
my_slow	0.0	1.277	다리에 모래주머니 찼어?	다리에모래주머니찼어?
my_fast	0.111	2.917	와, 이렇게 빨리? 이따 퍼져도 업어 줄 사람 없다.	와이렇게빨리딱퍼져도업어줄사람없다.
my_fast	0.067	1.919	오버페이스야. 뒤에 가서 후회하지 마.	모버페이스야뒤에가서후회하지마.
build_faster	0.0	1.232	이제 좀 올린다. 따라와.	이제좀올린다따라와.
build_faster	0.0	1.482	몸 다 풀렸다. 진짜 간다.	몸다풀렸다. 진짜간다.
pause	0.083	1.531	왜 서? 신호등이야? 핑계 아니고?	왜소, 신호등이야핑계아니고
pause	0.0	2.115	쉬는 거야? 나도 같이 쉬어 줄게. 착하지?	쉬는거야? 나도같이쉬어줄게, 착하지?
resume	0.0	1.28	다시 간다. 정신 차려.	다시간다정신차려.
resume	0.167	0.875	오케이, 휴식 끝.	오케이휴식.
gps_lost	0.0	1.328	어? 너 어디 갔어? 숨지 마.	어너어디갔어숨지마.
gps_lost	0.0	2.681	신호 잡히면 다시 시작이야. 도망가도 소용없어.	신호잡히면다시시작이야. 도망가도소용없어.
idle	0.0	1.669	심심하다. 노래라도 불러 줄까?	심심하다노래라도불러줄까?
idle	0.0	1.932	오늘 날씨 좋다. 너 표정은 안 좋다.	오늘날씨좋다, 너표정은안좋다.
idle	0.091	2.17	숨 쉬는 거 잊지 마. 들숨, 날숨.	숨쉬는거있지마들숨, 날숨
opp_finished	0.0	1.827	나 도착! 기다릴게. 천천히 와.	나도착기다릴게천천히와.
opp_finished	0.0	2.78	결승선 도착. 여기 의자 있네. 앉아서 기다린다.	결승선도착여기의자있네앉아서기다린다.
set_start	0.2	1.445	일세트 시작한다. 각오해.	일세트시작한다카고해.
set_start	0.3	1.378	이세트 시작한다. 각오해.	이센트시작한다카고해.
set_start	0.3	1.557	삼세트 시작한다. 각오해.	3세퇴시작한다카고해.
set_start	0.3	1.381	사세트 시작한다. 각오해.	4세트시작한다카고에
set_start	0.3	1.37	오세트 시작한다. 각오해.	5세트시작한다, 과거에
set_start	0.3	1.466	육세트 시작한다. 각오해.	6 세트시작한다, 과거에.
set_start	0.2	1.456	칠세트 시작한다. 각오해.	7 세트시작한다카고해.
set_start	0.3	1.318	팔세트 시작한다. 각오해.	8 세트시작한다과거에.
set_start	0.4	1.348	구세트 시작한다. 각오해.	9센트시작한다.
set_start	0.3	1.451	십세트 시작한다. 각오해.	10센트시작한다카오액
set_start	0.182	1.402	십일세트 시작한다. 각오해.	10일세트시작한다고해.
set_start	0.182	1.557	십이세트 시작한다. 각오해.	12세트시작한다카고해.
set_start	0.182	1.507	십삼세트 시작한다. 각오해.	13 세트시작한다카고해.
set_start	0.182	1.564	십사세트 시작한다. 각오해.	14세트시작한다카고해.
set_start	0.273	1.589	십오세트 시작한다. 각오해.	15센트시작한다카고해.
set_start	0.182	1.67	십육세트 시작한다. 각오해.	16 세트시작한다, 해.
set_start	0.273	1.518	십칠세트 시작한다. 각오해.	17 세트시작한다카고에
set_start	0.182	1.504	십팔세트 시작한다. 각오해.	18세트시작한다카고해.
set_start	0.364	1.446	십구세트 시작한다. 각오해.	19세퇴시작한다카고에.
set_start	0.273	1.506	이십세트 시작한다. 각오해.	20세트시작한다카고액.
set_start	0.182	1.783	자, 일세트. 이번엔 안 봐준다.	진짜일세트이번엔안봐준다.
set_start	0.0	1.835	자, 이세트. 이번엔 안 봐준다.	자이세트이번엔안봐준다.
set_start	0.0	2.117	자, 삼세트. 이번엔 안 봐준다.	자 3 세트이번엔안봐준다.
set_start	0.182	1.648	자, 사세트. 이번엔 안 봐준다.	진짜 4세트이번엔안봐준다.
set_start	0.182	1.693	자, 오세트. 이번엔 안 봐준다.	진짜오세트이번엔안봐준다.
set_start	0.182	1.793	자, 육세트. 이번엔 안 봐준다.	진짜 6세트이번엔안봐준다.
set_start	0.182	1.683	자, 칠세트. 이번엔 안 봐준다.	진짜 7세트이번엔안봐준다.
set_start	0.182	1.723	자, 팔세트. 이번엔 안 봐준다.	진짜팔세트이번엔안봐준다.
set_start	0.182	1.764	자, 구세트. 이번엔 안 봐준다.	진짜구세트이번엔안봐준다.
set_start	0.182	1.5	자, 십세트. 이번엔 안 봐준다.	자 10센치이번엔안봐준다.
set_start	0.167	1.944	자, 십일세트. 이번엔 안 봐준다.	진짜 11세트이번엔안봐준다.
set_start	0.25	1.712	자, 십이세트. 이번엔 안 봐준다.	진짜 12센트이번엔안봐준다.
set_start	0.083	2.033	자, 십삼세트. 이번엔 안 봐준다.	자 13 세트이번에안봐준다.
set_start	0.167	1.876	자, 십사세트. 이번엔 안 봐준다.	진짜 14세트이번엔안봐준다.
set_start	0.167	1.775	자, 십오세트. 이번엔 안 봐준다.	진짜 15세트이번엔안봐준다.
set_start	0.167	1.901	자, 십육세트. 이번엔 안 봐준다.	진짜 16세트이번엔안봐준다.
set_start	0.0	2.125	자, 십칠세트. 이번엔 안 봐준다.	자 17세트이번엔안봐준다.
set_start	0.167	2.016	자, 십팔세트. 이번엔 안 봐준다.	진짜 18세트이번엔안봐준다.
set_start	0.167	1.856	자, 십구세트. 이번엔 안 봐준다.	진짜 19세트이번엔안봐준다.
set_start	0.0	1.971	자, 이십세트. 이번엔 안 봐준다.	자, 20세트이번엔안봐준다.
last_set	0.0	1.253	마지막 세트야. 다 쏟아.	마지막세트야다쏟아.
last_set	0.0	2.13	이게 마지막이야. 여기서 지면 다 진 거야.	이게마지막이야. 여기서지면다진거야.
set_win	0.067	2.234	이번 세트는 네가 이겼네. 운이 좋았어.	이번세트는니가이겼네. 운이좋았어.
set_win	0.2	0.783	쳇, 봐준 거야.	책봐준거야?
set_lose	0.167	0.943	일세트는 내 거!	일세트는 4 거
set_lose	0.0	0.831	이세트는 내 거!	이세트는내거.
set_lose	0.333	0.979	삼세트는 내 거!	3세트는 4억
set_lose	0.333	0.784	사세트는 내 거!	4 세트는낵
set_lose	0.0	0.711	오세트는 내 거!	오세트는내거
set_lose	0.167	0.872	육세트는 내 거!	6 세트는내가
set_lose	0.167	0.986	칠세트는 내 거!	7 세트는내가
set_lose	0.167	0.875	팔세트는 내 거!	8 세트는 4 거
set_lose	0.333	0.843	구세트는 내 거!	쿠세트는내.
set_lose	0.167	0.93	십세트는 내 거!	10 세트는내가
set_lose	0.143	1.104	십일세트는 내 거!	10일세트는내가
set_lose	0.286	0.959	십이세트는 내 거!	12세트는네업.
set_lose	0.0	0.978	십삼세트는 내 거!	13 세트는내거
set_lose	0.143	0.871	십사세트는 내 거!	14세트는내가
set_lose	0.143	1.021	십오세트는 내 거!	15세트는내가
set_lose	0.143	1.076	십육세트는 내 거!	16 세트는내가.
set_lose	0.143	1.109	십칠세트는 내 거!	17 세트는내가
set_lose	0.143	1.132	십팔세트는 내 거!	18세트는레거
set_lose	0.143	1.007	십구세트는 내 거!	19세는내거.
set_lose	0.143	1.007	이십세트는 내 거!	20세트는내가
set_lose	0.091	1.557	아쉽네~ 다음 세트도 내 거야.	아쉽네. 다음세트도낼거야.
rest	0.333	0.912	쉬어. 고마워해.	취업고마워해.
rest	0.0	1.251	회복 시간이야. 숨 돌려.	회복시간이야, 숨돌려?
rest_end	0.0	1.52	십오 초 남았다. 다시 준비해.	15초남았다다시준비해?
rest_end	0.182	1.604	쉬는 시간 끝나 간다. 일어나.	쉬는시간끝나간다이러나.
win	0.0	2.339	졌다. 오늘만이야. 다음엔 진짜 안 봐줘.	졌다. 오늘만이야. 다음엔진짜안봐줘.
win	0.0	2.375	인정. 근데 나 오늘 컨디션 안 좋았어.	인정. 근데나오늘컨디션안좋았어.
win_close	0.071	1.837	이걸 졌다고? 비디오 판독 요청한다!	이걸졌다고비디오판동요청한다.
win_close	0.133	2.414	간발의 차로 졌네. 다음엔 내가 이긴다.	간발에차로졌네. 다음에내가이긴다.
lose	0.0	1.01	내가 이겼지롱.	내가이겼지롱.
lose	0.0	1.204	수고했어. 근데 졌어.	수고했어근데졌어.
lose_close	0.091	1.644	아깝다~ 조금만 더 빨랐으면.	아깝다. 조금만더빨랐으면약
lose_close	0.0	2.111	진짜 아슬아슬했네. 그래도 내가 이김.	진짜아슬아슬했네. 그래도내가이김
interval_win	0.167	1.653	이번엔 네가 이겼다. 기억해 둬.	이번엔니가이겼다기억해너.
interval_lose	0.0	1.514	내가 이겼다. 다음에 또 와.	내가이겼다. 다음에또와.
draw	0.0	1.512	비겼네. 다음에 결판 내자.	비겼네다음에결판내자.
quit	0.0	1.23	벌써 가? 도망치는 거야?	벌써가, 도망치는거야?
quit	0.0	2.378	그래, 오늘은 여기까지. 내가 이긴 걸로 한다.	그래. 오늘은여기까지내가이긴걸로한다.
